,Max_Depth,Test_Accuracy
0,1,0.8666666666666667
1,2,0.85
2,3,0.85
3,4,0.8666666666666667
4,5,0.8166666666666667
5,6,0.8333333333333334
6,7,0.8166666666666667
7,8,0.8333333333333334
8,9,0.85
9,10,0.8666666666666667
10,11,0.8333333333333334
